Id,Hb,stdHb,[OIII],std[OIII],[OII]+,std[OII]+,[NII],std[NII],[SII]+,std[SII]+,Ha,stdHa
# This is a commented line
NGC_1234ff, 1.00000000e+00, 5.00000000e-02,2.37684029e+00, 1.18842014e-01,5.06523968e+00, 2.53261984e-01, 5.67283302e-01, 2.83641651e-02,   5.10740150e-01, 2.55370075e-02, 2.87541146e+00, 1.43770573e-01



